kit_type,playtime,kills,deaths,flags_captured,flags_recovered,flags_stolen,time_with_flag,damage_dealt,damage_received,hp_restored,kdr
NINJA,2622.0,33.0,69.0,0.0,8.0,0.0,0.0,3558.365,1890.5990000000002,0.0,0.4782608695652174
CHEMIST,1481.0,47.0,22.0,1.0,0.0,8.0,125.0,1599.18,2069.482,0.0,2.1363636363636362
SOLDIER,1976.0,27.0,16.0,0.0,2.0,3.0,47.0,2067.361,1813.578,0.0,1.6875
SCOUT,4075.0,44.0,79.0,0.0,9.0,1.0,1.0,5096.262,3213.7990000000004,0.0,0.5569620253164557
MEDIC,1297.0,18.0,6.0,0.0,1.0,1.0,6.0,1194.498,886.292,1171.0,3.0
PYRO,91.0,1.0,1.0,0.0,0.0,0.0,0.0,72.099,76.71,0.0,1.0
ENGINEER,54.0,0.0,1.0,0.0,0.0,0.0,0.0,9.0,0.0,0.0,0.0
HEAVY,1175.0,17.0,8.0,0.0,0.0,0.0,0.0,2631.59,1389.245,0.0,2.125
NECRO,28.0,0.0,0.0,0.0,0.0,0.0,0.0,0.0,0.0,0.0,NaN
