kit_type,playtime,kills,deaths,flags_captured,flags_recovered,flags_stolen,time_with_flag,damage_dealt,damage_received,hp_restored,kdr
CHEMIST,79911.0,1251.0,775.0,2.0,46.0,45.0,1732.0,76715.55099999998,80796.86299999998,0.0,1.6141935483870968
HEAVY,561.0,0.0,0.0,0.0,0.0,0.0,0.0,0.0,0.0,0.0,NaN
MEDIC,1840.0,15.0,6.0,0.0,1.0,0.0,39.0,1562.77,1295.95,216.0,2.5
ARCHER,16.0,1.0,0.0,0.0,0.0,0.0,0.0,27.0,0.0,0.0,Inf
NINJA,2084.0,29.0,28.0,0.0,2.0,0.0,0.0,1642.268,800.546,0.0,1.0357142857142858
