kit_type,playtime,kills,deaths,flags_captured,flags_recovered,flags_stolen,time_with_flag,damage_dealt,damage_received,hp_restored,kdr
SOLDIER,159651.0,1600.0,2790.0,95.0,49.0,1040.0,21496.0,88600.79299999999,235959.13399999987,0.0,0.5734767025089605
MEDIC,7712.0,53.0,87.0,0.0,2.0,7.0,293.0,3441.5759999999996,6815.597,6502.0,0.6091954022988506
NINJA,1967.0,8.0,48.0,1.0,1.0,8.0,56.0,1037.451,1477.875,0.0,0.16666666666666666
CHEMIST,143.0,0.0,0.0,0.0,0.0,0.0,0.0,0.0,0.0,0.0,NaN
DWARF,1365.0,22.0,6.0,0.0,0.0,4.0,136.0,868.849,732.736,0.0,3.6666666666666665
HEAVY,91.0,1.0,1.0,0.0,0.0,0.0,0.0,44.868,0.0,0.0,1.0
ASSASSIN,747.0,17.0,29.0,0.0,0.0,0.0,5.0,374.682,652.807,0.0,0.5862068965517241
ENGINEER,45.0,0.0,2.0,0.0,0.0,0.0,0.0,25.0,49.926,0.0,0.0
