kit_type,playtime,kills,deaths,flags_captured,flags_recovered,flags_stolen,time_with_flag,damage_dealt,damage_received,hp_restored,kdr
SOLDIER,99743.0,945.0,1682.0,61.0,30.0,637.0,13446.0,53527.056,141182.35299999997,0.0,0.5618311533888228
MEDIC,3864.0,26.0,45.0,0.0,0.0,5.0,81.0,1849.7299999999998,3348.142,3001.0,0.5777777777777777
NINJA,1401.0,6.0,36.0,0.0,1.0,4.0,15.0,780.699,1081.0,0.0,0.16666666666666666
CHEMIST,41.0,0.0,0.0,0.0,0.0,0.0,0.0,0.0,0.0,0.0,NaN
DWARF,223.0,1.0,0.0,0.0,0.0,1.0,67.0,83.859,8.0,0.0,Inf
HEAVY,91.0,1.0,1.0,0.0,0.0,0.0,0.0,44.868,0.0,0.0,1.0
