kit_type,playtime,kills,deaths,flags_captured,flags_recovered,flags_stolen,time_with_flag,damage_dealt,damage_received,hp_restored,kdr
NINJA,2842.0,19.0,56.0,3.0,4.0,23.0,537.0,1404.5749999999998,1409.125,0.0,0.3392857142857143
MEDIC,33989.0,479.0,595.0,0.0,8.0,11.0,333.0,17445.568,57496.977,20151.0,0.8050420168067227
HEAVY,12023.0,320.0,149.0,1.0,9.0,7.0,30.0,20738.076,18095.538,0.0,2.1476510067114094
ARCHER,1986.0,24.0,14.0,0.0,0.0,0.0,0.0,1287.4,673.096,0.0,1.7142857142857142
DWARF,7.0,0.0,0.0,0.0,0.0,0.0,0.0,0.0,0.0,0.0,NaN
CHEMIST,84.0,0.0,1.0,0.0,0.0,0.0,0.0,0.0,20.0,0.0,0.0
SOLDIER,54.0,1.0,0.0,0.0,0.0,0.0,0.0,0.0,13.0,0.0,Inf
