kit_type,playtime,kills,deaths,flags_captured,flags_recovered,flags_stolen,time_with_flag,damage_dealt,damage_received,hp_restored,kdr
NINJA,2766.0,18.0,54.0,3.0,3.0,23.0,537.0,1377.4499999999998,1389.125,0.0,0.3333333333333333
MEDIC,21338.0,249.0,365.0,0.0,5.0,8.0,210.0,9869.207999999999,34812.666000000005,11865.0,0.6821917808219178
HEAVY,1752.0,50.0,23.0,0.0,0.0,1.0,1.0,3545.83,2569.3089999999997,0.0,2.1739130434782608
ARCHER,1127.0,8.0,6.0,0.0,0.0,0.0,0.0,774.98,423.506,0.0,1.3333333333333333
DWARF,7.0,0.0,0.0,0.0,0.0,0.0,0.0,0.0,0.0,0.0,NaN
CHEMIST,17.0,0.0,0.0,0.0,0.0,0.0,0.0,0.0,0.0,0.0,NaN
