kit_type,playtime,kills,deaths,flags_captured,flags_recovered,flags_stolen,time_with_flag,damage_dealt,damage_received,hp_restored,kdr
HEAVY,3270.0,54.0,25.0,0.0,0.0,2.0,22.0,2922.1139999999996,2930.3819999999996,0.0,2.16
CHEMIST,23592.0,657.0,407.0,3.0,7.0,28.0,600.0,36610.649000000005,42322.275,0.0,1.6142506142506143
MEDIC,16513.0,162.0,132.0,0.0,24.0,8.0,140.0,11373.441999999997,14696.520999999997,9716.0,1.2272727272727273
NINJA,4446.0,105.0,97.0,0.0,7.0,1.0,9.0,6452.131000000001,2728.175,0.0,1.0824742268041236
SOLDIER,1262.0,19.0,17.0,0.0,2.0,2.0,33.0,1256.88,1092.17,0.0,1.1176470588235294
ARCHER,182.0,4.0,1.0,0.0,0.0,0.0,0.0,115.539,82.269,0.0,4.0
ELF,3669.0,28.0,36.0,0.0,1.0,1.0,50.0,3438.398,2466.221,0.0,0.7777777777777778
