kit_type,playtime,kills,deaths,flags_captured,flags_recovered,flags_stolen,time_with_flag,damage_dealt,damage_received,hp_restored,kdr
NINJA,15120.0,226.0,501.0,0.0,43.0,1.0,15.0,29477.498999999996,12685.934,0.0,0.45109780439121755
ENGINEER,14647.0,171.0,126.0,0.0,26.0,7.0,155.0,17773.490999999998,14752.738000000001,0.0,1.3571428571428572
HEAVY,7.0,0.0,0.0,0.0,0.0,0.0,0.0,0.0,0.0,0.0,NaN
