kit_type,playtime,kills,deaths,flags_captured,flags_recovered,flags_stolen,time_with_flag,damage_dealt,damage_received,hp_restored,kdr
NINJA,50319.0,779.0,1740.0,0.0,100.0,3.0,39.0,99672.71399999999,46238.93200000001,0.0,0.4477011494252874
ENGINEER,14647.0,171.0,126.0,0.0,26.0,7.0,155.0,17773.490999999998,14752.738000000001,0.0,1.3571428571428572
HEAVY,1728.0,26.0,31.0,0.0,1.0,2.0,3.0,3239.623,2783.8039999999996,0.0,0.8387096774193549
SOLDIER,94.0,0.0,0.0,0.0,0.0,0.0,0.0,0.0,0.0,0.0,NaN
MEDIC,52.0,0.0,1.0,0.0,0.0,0.0,0.0,6.25,35.999,0.0,0.0
NECRO,3.0,0.0,0.0,0.0,0.0,0.0,0.0,0.0,0.0,0.0,NaN
