kit_type,playtime,kills,deaths,flags_captured,flags_recovered,flags_stolen,time_with_flag,damage_dealt,damage_received,hp_restored,kdr
NINJA,7603.0,113.0,230.0,0.0,26.0,1.0,15.0,14409.094000000001,5926.575,0.0,0.49130434782608695
ENGINEER,14647.0,171.0,126.0,0.0,26.0,7.0,155.0,17773.490999999998,14752.738000000001,0.0,1.3571428571428572
HEAVY,7.0,0.0,0.0,0.0,0.0,0.0,0.0,0.0,0.0,0.0,NaN
