kit_type,playtime,kills,deaths,flags_captured,flags_recovered,flags_stolen,time_with_flag,damage_dealt,damage_received,hp_restored,kdr
ARCHER,14364.0,328.0,175.0,2.0,0.0,3.0,83.0,7809.060000000001,10488.257999999998,0.0,1.8742857142857143
MEDIC,40183.0,388.0,616.0,2.0,14.0,24.0,307.0,17367.985,53097.13399999999,27921.0,0.6298701298701299
HEAVY,453.0,2.0,3.0,0.0,0.0,1.0,23.0,195.931,254.142,0.0,0.6666666666666666
ELF,1013.0,0.0,2.0,0.0,0.0,0.0,0.0,10.0,68.808,0.0,0.0
NECRO,69.0,1.0,1.0,0.0,0.0,0.0,0.0,24.25,109.24,16.0,1.0
ENGINEER,733.0,6.0,10.0,1.0,0.0,6.0,285.0,275.979,867.374,0.0,0.6
SCOUT,389.0,2.0,8.0,0.0,1.0,2.0,9.0,156.848,277.791,0.0,0.25
PYRO,57.0,0.0,1.0,0.0,0.0,0.0,0.0,3.0,25.5,0.0,0.0
