kit_type,playtime,kills,deaths,flags_captured,flags_recovered,flags_stolen,time_with_flag,damage_dealt,damage_received,hp_restored,kdr
ARCHER,33314.0,859.0,460.0,2.0,0.0,5.0,90.0,19151.838,29569.425999999996,0.0,1.867391304347826
MEDIC,44699.0,404.0,628.0,2.0,19.0,24.0,502.0,18064.603,55135.143000000004,34046.0,0.643312101910828
HEAVY,453.0,2.0,3.0,0.0,0.0,1.0,23.0,195.931,254.142,0.0,0.6666666666666666
ENGINEER,733.0,6.0,10.0,1.0,0.0,6.0,285.0,275.979,867.374,0.0,0.6
SCOUT,389.0,2.0,8.0,0.0,1.0,2.0,9.0,156.848,277.791,0.0,0.25
PYRO,57.0,0.0,1.0,0.0,0.0,0.0,0.0,3.0,25.5,0.0,0.0
ELF,1013.0,0.0,2.0,0.0,0.0,0.0,0.0,10.0,68.808,0.0,0.0
NECRO,652.0,13.0,4.0,0.0,0.0,0.0,33.0,303.855,516.39,16.0,3.25
