kit_type,playtime,kills,deaths,flags_captured,flags_recovered,flags_stolen,time_with_flag,damage_dealt,damage_received,hp_restored,kdr
NINJA,111948.0,1853.0,2941.0,2.0,358.0,31.0,367.0,183980.77100000007,87437.427,0.0,0.630057803468208
CHEMIST,2400.0,38.0,31.0,0.0,1.0,4.0,169.0,1548.016,2591.674,0.0,1.2258064516129032
HEAVY,54173.0,1202.0,417.0,4.0,84.0,40.0,543.0,109864.37099999997,72270.33000000002,0.0,2.882494004796163
SOLDIER,9278.0,138.0,69.0,4.0,19.0,8.0,440.0,11008.277000000002,8354.583999999999,0.0,2.0
ASSASSIN,528.0,2.0,13.0,0.0,0.0,0.0,0.0,142.375,294.86199999999997,0.0,0.15384615384615385
ARCHER,112.0,0.0,1.0,0.0,0.0,0.0,0.0,50.5,77.15,0.0,0.0
PYRO,17336.0,322.0,97.0,0.0,78.0,0.0,0.0,14479.771999999999,12432.403999999999,0.0,3.3195876288659796
MEDIC,966.0,15.0,15.0,0.0,1.0,0.0,0.0,1062.6529999999998,1139.183,755.0,1.0
ENGINEER,122.0,2.0,2.0,0.0,0.0,0.0,0.0,40.125,30.936,0.0,1.0
