kit_type,playtime,kills,deaths,flags_captured,flags_recovered,flags_stolen,time_with_flag,damage_dealt,damage_received,hp_restored,kdr
HEAVY,609.0,3.0,1.0,1.0,1.0,1.0,47.0,171.698,206.549,0.0,3.0
NINJA,12681.0,188.0,372.0,0.0,47.0,0.0,0.0,25207.729000000007,11490.323999999999,0.0,0.5053763440860215
ASSASSIN,205.0,2.0,6.0,0.0,0.0,0.0,0.0,58.91,143.859,0.0,0.3333333333333333
MAGE,12.0,0.0,0.0,0.0,0.0,0.0,0.0,0.0,0.0,0.0,NaN
CHEMIST,3.0,0.0,0.0,0.0,0.0,0.0,0.0,0.0,0.0,0.0,NaN
