kit_type,playtime,kills,deaths,flags_captured,flags_recovered,flags_stolen,time_with_flag,damage_dealt,damage_received,hp_restored,kdr
HEAVY,13151.0,264.0,224.0,4.0,8.0,54.0,647.0,18472.477,27810.586,0.0,1.1785714285714286
PYRO,243.0,0.0,2.0,0.0,0.0,0.0,0.0,25.75,101.55,0.0,0.0
NINJA,9983.0,66.0,171.0,2.0,32.0,4.0,226.0,6572.779000000001,4385.348,0.0,0.38596491228070173
MEDIC,407.0,4.0,11.0,0.0,0.0,0.0,0.0,176.049,686.828,232.0,0.36363636363636365
SOLDIER,99106.0,1096.0,1931.0,45.0,10.0,605.0,10792.0,58259.909000000014,162675.05299999996,0.0,0.5675815639564992
CHEMIST,16.0,0.0,0.0,0.0,0.0,0.0,0.0,0.0,0.0,0.0,NaN
ARCHER,69.0,2.0,1.0,0.0,0.0,0.0,0.0,52.0,82.699,0.0,2.0
ASSASSIN,3.0,1.0,0.0,0.0,0.0,0.0,0.0,20.0,0.0,0.0,Inf
