kit_type,playtime,kills,deaths,flags_captured,flags_recovered,flags_stolen,time_with_flag,damage_dealt,damage_received,hp_restored,kdr
HEAVY,6932.0,320.0,175.0,0.0,1.0,15.0,83.0,17393.765,17612.1,0.0,1.8285714285714285
CHEMIST,26500.0,520.0,555.0,12.0,6.0,116.0,2002.0,35461.90600000001,51549.59500000001,0.0,0.9369369369369369
MEDIC,71.0,2.0,2.0,0.0,0.0,0.0,0.0,40.1,104.194,23.0,1.0
SOLDIER,597.0,10.0,4.0,0.0,1.0,0.0,0.0,1007.5169999999999,661.369,0.0,2.5
NINJA,613.0,20.0,18.0,0.0,1.0,0.0,1.0,1266.891,638.075,0.0,1.1111111111111112
ELF,22.0,0.0,0.0,0.0,0.0,0.0,0.0,0.0,22.5,0.0,NaN
