kit_type,playtime,kills,deaths,flags_captured,flags_recovered,flags_stolen,time_with_flag,damage_dealt,damage_received,hp_restored,kdr
HEAVY,9159.0,379.0,218.0,1.0,1.0,19.0,250.0,23597.677000000003,24432.341,0.0,1.738532110091743
CHEMIST,32695.0,661.0,692.0,13.0,10.0,137.0,2435.0,44177.59600000001,63234.53700000002,0.0,0.9552023121387283
MEDIC,870.0,16.0,13.0,0.0,0.0,2.0,31.0,613.164,1252.2939999999999,442.0,1.2307692307692308
SOLDIER,770.0,14.0,8.0,0.0,1.0,0.0,0.0,1337.308,976.518,0.0,1.75
NINJA,613.0,20.0,18.0,0.0,1.0,0.0,1.0,1266.891,638.075,0.0,1.1111111111111112
ELF,4750.0,71.0,117.0,2.0,1.0,19.0,235.0,3994.5249999999996,7732.341,0.0,0.6068376068376068
SCOUT,46.0,0.0,2.0,0.0,0.0,0.0,0.0,34.28,57.987,0.0,0.0
