kit_type,playtime,kills,deaths,flags_captured,flags_recovered,flags_stolen,time_with_flag,damage_dealt,damage_received,hp_restored,kdr
CHEMIST,39125.0,810.0,854.0,14.0,11.0,161.0,2913.0,53518.36499999999,76294.21100000002,0.0,0.9484777517564403
NINJA,613.0,20.0,18.0,0.0,1.0,0.0,1.0,1266.891,638.075,0.0,1.1111111111111112
HEAVY,10155.0,417.0,239.0,1.0,2.0,19.0,250.0,27401.489000000005,27511.599999999995,0.0,1.7447698744769875
ELF,4756.0,71.0,117.0,2.0,1.0,19.0,235.0,3994.5249999999996,7732.341,0.0,0.6068376068376068
SOLDIER,770.0,14.0,8.0,0.0,1.0,0.0,0.0,1337.308,976.518,0.0,1.75
SCOUT,46.0,0.0,2.0,0.0,0.0,0.0,0.0,34.28,57.987,0.0,0.0
MEDIC,870.0,16.0,13.0,0.0,0.0,2.0,31.0,613.164,1252.2939999999999,442.0,1.2307692307692308
