kit_type,playtime,kills,deaths,flags_captured,flags_recovered,flags_stolen,time_with_flag,damage_dealt,damage_received,hp_restored,kdr
HEAVY,1253.0,3.0,0.0,0.0,0.0,0.0,0.0,306.419,284.179,0.0,Inf
NINJA,520252.0,10243.0,23495.0,4.0,1803.0,2.0,160.0,1.3821551179999993e6,635017.2949999995,0.0,0.43596509895722496
MEDIC,3699.0,36.0,18.0,0.0,2.0,0.0,83.0,1654.358,2495.818,2017.0,2.0
CHEMIST,951.0,3.0,17.0,0.0,1.0,0.0,0.0,334.961,355.39500000000004,0.0,0.17647058823529413
SOLDIER,3616.0,29.0,19.0,0.0,5.0,0.0,0.0,3817.8559999999998,2356.84,0.0,1.5263157894736843
MAGE,660.0,8.0,3.0,2.0,0.0,1.0,115.0,702.273,655.004,0.0,2.6666666666666665
ELF,84.0,0.0,0.0,1.0,0.0,1.0,34.0,0.0,0.0,0.0,NaN
