kit_type,playtime,kills,deaths,flags_captured,flags_recovered,flags_stolen,time_with_flag,damage_dealt,damage_received,hp_restored,kdr
HEAVY,1064.0,0.0,0.0,0.0,0.0,0.0,0.0,1.5,10.0,0.0,NaN
NINJA,330743.0,6369.0,13677.0,2.0,1161.0,2.0,143.0,805906.1789999999,372724.59400000004,0.0,0.46567229655626236
MEDIC,3698.0,36.0,18.0,0.0,2.0,0.0,83.0,1654.358,2495.818,2017.0,2.0
CHEMIST,642.0,2.0,8.0,0.0,1.0,0.0,0.0,334.961,324.396,0.0,0.25
SOLDIER,3549.0,29.0,19.0,0.0,5.0,0.0,0.0,3803.8559999999998,2353.84,0.0,1.5263157894736843
MAGE,660.0,8.0,3.0,2.0,0.0,1.0,115.0,702.273,655.004,0.0,2.6666666666666665
ELF,84.0,0.0,0.0,1.0,0.0,1.0,34.0,0.0,0.0,0.0,NaN
