kit_type,playtime,kills,deaths,flags_captured,flags_recovered,flags_stolen,time_with_flag,damage_dealt,damage_received,hp_restored,kdr
HEAVY,1064.0,0.0,0.0,0.0,0.0,0.0,0.0,1.5,10.0,0.0,NaN
NINJA,354410.0,6760.0,14996.0,2.0,1230.0,2.0,143.0,873691.48,404707.414,0.0,0.4507868765004001
MEDIC,3699.0,36.0,18.0,0.0,2.0,0.0,83.0,1654.358,2495.818,2017.0,2.0
CHEMIST,692.0,2.0,11.0,0.0,1.0,0.0,0.0,334.961,324.396,0.0,0.18181818181818182
SOLDIER,3549.0,29.0,19.0,0.0,5.0,0.0,0.0,3803.8559999999998,2353.84,0.0,1.5263157894736843
MAGE,660.0,8.0,3.0,2.0,0.0,1.0,115.0,702.273,655.004,0.0,2.6666666666666665
ELF,84.0,0.0,0.0,1.0,0.0,1.0,34.0,0.0,0.0,0.0,NaN
