kit_type,playtime,kills,deaths,flags_captured,flags_recovered,flags_stolen,time_with_flag,damage_dealt,damage_received,hp_restored,kdr
HEAVY,1272.0,3.0,0.0,0.0,0.0,0.0,0.0,306.419,284.179,0.0,Inf
NINJA,558895.0,11109.0,25463.0,4.0,1916.0,2.0,161.0,1.4977856830000011e6,689124.4129999996,0.0,0.43628009268350154
MAGE,660.0,8.0,3.0,2.0,0.0,1.0,115.0,702.273,655.004,0.0,2.6666666666666665
MEDIC,4737.0,43.0,23.0,0.0,2.0,1.0,88.0,1801.742,3011.6870000000004,2147.0,1.8695652173913044
CHEMIST,996.0,3.0,17.0,0.0,1.0,0.0,0.0,334.961,355.39500000000004,0.0,0.17647058823529413
SOLDIER,3616.0,29.0,19.0,0.0,5.0,0.0,0.0,3817.8559999999998,2356.84,0.0,1.5263157894736843
ELF,84.0,0.0,0.0,1.0,0.0,1.0,34.0,0.0,0.0,0.0,NaN
ARCHER,110.0,0.0,2.0,0.0,0.0,0.0,0.0,0.0,42.0,0.0,0.0
