kit_type,playtime,kills,deaths,flags_captured,flags_recovered,flags_stolen,time_with_flag,damage_dealt,damage_received,hp_restored,kdr
HEAVY,6857.0,134.0,77.0,1.0,2.0,5.0,67.0,9150.671,9871.161,0.0,1.7402597402597402
MEDIC,61133.0,1207.0,891.0,11.0,15.0,103.0,2351.0,53424.75900000002,101312.242,17520.0,1.3546576879910213
SOLDIER,1373.0,16.0,12.0,1.0,0.0,2.0,133.0,659.817,1055.759,0.0,1.3333333333333333
ELF,15538.0,263.0,246.0,9.0,4.0,33.0,823.0,12145.842000000002,19461.139000000003,0.0,1.0691056910569106
ARCHER,257.0,4.0,1.0,0.0,0.0,0.0,0.0,99.815,29.25,0.0,4.0
NINJA,923.0,8.0,23.0,0.0,0.0,0.0,0.0,1332.873,663.1,0.0,0.34782608695652173
CHEMIST,34.0,0.0,0.0,0.0,0.0,0.0,0.0,0.0,0.0,0.0,NaN
