kit_type,playtime,kills,deaths,flags_captured,flags_recovered,flags_stolen,time_with_flag,damage_dealt,damage_received,hp_restored,kdr
HEAVY,16269.0,372.0,255.0,1.0,3.0,19.0,209.0,24677.505999999998,28936.323000000004,0.0,1.4588235294117646
MEDIC,86393.0,1747.0,1321.0,13.0,18.0,123.0,2893.0,76477.25100000003,145806.349,30892.0,1.3224829674489023
SOLDIER,5605.0,103.0,94.0,1.0,3.0,18.0,239.0,6819.719,8746.175,0.0,1.0957446808510638
ELF,15654.0,264.0,247.0,9.0,4.0,33.0,823.0,12193.633000000002,19516.639000000003,0.0,1.0688259109311742
ARCHER,260.0,4.0,1.0,0.0,0.0,0.0,0.0,99.815,29.25,0.0,4.0
NINJA,923.0,8.0,23.0,0.0,0.0,0.0,0.0,1332.873,663.1,0.0,0.34782608695652173
CHEMIST,48.0,0.0,0.0,0.0,0.0,0.0,0.0,0.0,0.0,0.0,NaN
