kit_type,playtime,kills,deaths,flags_captured,flags_recovered,flags_stolen,time_with_flag,damage_dealt,damage_received,hp_restored,kdr
HEAVY,10322.0,262.0,155.0,1.0,2.0,12.0,109.0,14637.508,18339.326,0.0,1.6903225806451614
MEDIC,61720.0,1222.0,903.0,11.0,15.0,104.0,2370.0,53941.63700000002,102520.037,17779.0,1.3532668881506091
SOLDIER,1373.0,16.0,12.0,1.0,0.0,2.0,133.0,659.817,1055.759,0.0,1.3333333333333333
ELF,15538.0,263.0,246.0,9.0,4.0,33.0,823.0,12145.842000000002,19461.139000000003,0.0,1.0691056910569106
ARCHER,257.0,4.0,1.0,0.0,0.0,0.0,0.0,99.815,29.25,0.0,4.0
NINJA,923.0,8.0,23.0,0.0,0.0,0.0,0.0,1332.873,663.1,0.0,0.34782608695652173
CHEMIST,34.0,0.0,0.0,0.0,0.0,0.0,0.0,0.0,0.0,0.0,NaN
