kit_type,playtime,kills,deaths,flags_captured,flags_recovered,flags_stolen,time_with_flag,damage_dealt,damage_received,hp_restored,kdr
HEAVY,8679.0,86.0,63.0,1.0,2.0,4.0,109.0,8445.95,8137.786999999999,0.0,1.3650793650793651
SOLDIER,8750.0,110.0,135.0,2.0,1.0,30.0,384.0,8504.377999999999,12602.149000000001,0.0,0.8148148148148148
CHEMIST,31259.0,487.0,520.0,5.0,7.0,41.0,926.0,34701.802,46866.41899999999,0.0,0.9365384615384615
ELF,494.0,4.0,10.0,0.0,0.0,0.0,0.0,301.34799999999996,593.164,0.0,0.4
MEDIC,25025.0,267.0,275.0,1.0,14.0,18.0,362.0,13935.864000000003,31392.514000000003,20659.0,0.9709090909090909
NINJA,1217.0,25.0,66.0,0.0,4.0,0.0,0.0,2532.4790000000003,1548.25,0.0,0.3787878787878788
ARCHER,835.0,8.0,11.0,0.0,0.0,0.0,0.0,303.407,708.5889999999999,0.0,0.7272727272727273
PYRO,2814.0,43.0,38.0,0.0,6.0,1.0,20.0,2153.107,2631.128,0.0,1.131578947368421
