kit_type,playtime,kills,deaths,flags_captured,flags_recovered,flags_stolen,time_with_flag,damage_dealt,damage_received,hp_restored,kdr
MEDIC,10805.0,27.0,32.0,0.0,10.0,1.0,17.0,2843.801,4600.427000000001,7804.0,0.84375
HEAVY,27438.0,209.0,90.0,5.0,22.0,12.0,585.0,15177.401999999998,14518.945999999998,0.0,2.3222222222222224
SOLDIER,11451.0,73.0,122.0,0.0,9.0,20.0,402.0,6498.378,9794.303,0.0,0.5983606557377049
NINJA,3913.0,0.0,11.0,2.0,0.0,14.0,187.0,266.0,381.0,0.0,0.0
ELF,172.0,0.0,0.0,0.0,0.0,0.0,0.0,0.0,2.0,0.0,NaN
ASSASSIN,3964.0,55.0,55.0,1.0,10.0,1.0,76.0,1115.899,1360.781,0.0,1.0
CHEMIST,633.0,4.0,4.0,0.0,0.0,0.0,9.0,155.558,323.68,0.0,1.0
ENGINEER,4995.0,0.0,2.0,0.0,0.0,0.0,0.0,0.0,57.0,0.0,0.0
NECRO,44.0,0.0,1.0,0.0,0.0,0.0,0.0,0.0,2.0,0.0,0.0
