kit_type,playtime,kills,deaths,flags_captured,flags_recovered,flags_stolen,time_with_flag,damage_dealt,damage_received,hp_restored,kdr
HEAVY,20376.0,362.0,118.0,1.0,24.0,7.0,200.0,37908.93,22802.910999999996,0.0,3.0677966101694913
ARCHER,577.0,11.0,4.0,0.0,0.0,0.0,0.0,473.911,272.305,0.0,2.75
SOLDIER,12732.0,207.0,109.0,1.0,21.0,4.0,63.0,18272.376,11321.192000000003,0.0,1.8990825688073394
CHEMIST,1191.0,29.0,18.0,0.0,0.0,1.0,6.0,988.662,1385.084,0.0,1.6111111111111112
NINJA,436.0,9.0,5.0,0.0,2.0,0.0,0.0,639.482,169.0,0.0,1.8
